"id","anonymous","email","nick_name","pass_word","phone","user_name"
1,0,"eva19981109@gmail.com","Eva",123456,"0900000000","Eva"
2,1,"amy0721@gmail.com","浪浪子","iamdog","0912345678","Amy"
3,0,"john0915@gmail.com","John","qwerty123","0976543210","John0915"
4,1,"lucy0422@gmail.com","小樂","heyapple","0932198765","Lucy"
5,0,"peter1128@gmail.com","彼得兔","ilovecoding","0965432109","Peter1128"
6,0,"susan0615@gmail.com","Susan","suzieq","0909876543","Susan"
7,1,"tom0417@gmail.com","湯姆","hwqq","0923456789","Tom"
8,0,"emily0209@gmail.com","三重艾米莉","oommgg","0988776655","Emily"
9,0,"kevin0501@gmail.com","公館金城武","kevink","0911223344","Kevin"
10,1,"lily1120@gmail.com","Lily","ilovelily","0977889900","Lily"
11,0,"alex0707@gmail.com","Alex","a1e2x3","0966332211","Alex0707"
12,1,"grace0825@gmail.com","Grace","graceg","0922112233","Grace"
13,0,"steve0622@gmail.com","☆㊣↙煞氣a五六六↗㊣☆","s123456","0955778899","Steve"
14,1,"cathy0918@gmail.com","Cathy","cathycathy","0933669988","Cathy0918"
15,0,"mike0526@gmail.com","閃電Mike","mikem","0919887766","Mike0526"
16,0,"abby1021@gmail.com","Abby1021","123abc456","0988998877","Abby1021"
17,1,"andy0729@gmail.com","Andy","andya","0955667788","Andy"
18,0,"wendy0619@gmail.com","星期三","wendsday","0922334455","Wendy"
19,0,"samuel0312@gmail.com","Samuel","samsam","0900666555","Samuel"
20,1,"sophia0122@gmail.com","Sophia","s0ph1a","0977445566","Sophia"
21,0,"jack0516@gmail.com","豌豆","qwertyuiop","0966554433","Jack"
22,1,"annie0722@gmail.com","安妮","anniefan","0944226677","Annie"
23,0,"ryan0117@gmail.com","浪浪之愛","fds7a8g9","0988223344","Ryan"
24,0,"julia0409@gmail.com","狗都沒我累","julie","0900332211","Julia"
25,1,"paul0528@gmail.com","Paul","paulpaul","0977112233","Paul"
26,0,"hannah0815@gmail.com","貓貓及正義","hannahbanana","0933558899","Hannah"
27,0,"max0606@gmail.com","汪","max123","0911334455","Max"
28,1,"vicky0919@gmail.com","Vicky","vickyy","0955998877","Vicky"
29,0,"david0323@gmail.com","BigDavid","davedave","0922887766","David"
30,1,"nancy0111@gmail.com","Nancy","koejlwn","0900445566","Nancy"
31,0,"daniel0503@gmail.com","丹尼爾","i4got",987654321,"Daniel"
